SuperPos,SuperStrand,mapCount,detCount,Genome,detected,enriched,stepHeight,stepFactor,enrichmentFactor,classCount,Pos,Strand,Locus_tag,sRNA.asRNA,Product,UTRlength,GeneLength,Primary,Secondary,Internal,Antisense,Automated,Manual,Putative.sRNA,Putative.asRNA,Comment,Sequence..50.nt.upstream...TSS..51nt.,contigPos,contigID
3008,+,4,1,Ksg1q_t60,1,1,2.25,100,19.5,1,3008,+,orphan,NA,orphan,NA,NA,0,0,0,0,1,0,0,0,NA,ACGCTTGTACAATCAAGTCGACTGGTAAAAAGGCTAATCGTTGGGAAATTA,3008,NS500751|NS500751
3008,+,4,1,Ksg3q_t60,0,0,NA,NA,NA,1,3008,+,orphan,NA,orphan,NA,NA,0,0,0,0,1,0,0,0,NA,ACGCTTGTACAATCAAGTCGACTGGTAAAAAGGCTAATCGTTGGGAAATTA,3008,NS500751|NS500751
3167,+,4,4,NDCt0,1,1,21.5,26.5,27,1,3167,+,orphan,NA,orphan,NA,NA,0,0,0,0,1,0,0,0,NA,CCTTAGTTAGAGGGTTAGCACTTTATCCCTTTTTGTGTTATAATATTAGGG,3167,NS500751|NS500751
3167,+,4,4,NDCt60,1,1,65.4,37,38.33,1,3167,+,orphan,NA,orphan,NA,NA,0,0,0,0,1,0,0,0,NA,CCTTAGTTAGAGGGTTAGCACTTTATCCCTTTTTGTGTTATAATATTAGGG,3167,NS500751|NS500751
3167,+,4,4,Ksg1q_t60,1,1,10.5,100,13.33,1,3167,+,orphan,NA,orphan,NA,NA,0,0,0,0,1,0,0,0,NA,CCTTAGTTAGAGGGTTAGCACTTTATCCCTTTTTGTGTTATAATATTAGGG,3167,NS500751|NS500751
3167,+,4,4,Ksg3q_t60,1,1,21,100,100,1,3167,+,orphan,NA,orphan,NA,NA,0,0,0,0,1,0,0,0,NA,CCTTAGTTAGAGGGTTAGCACTTTATCCCTTTTTGTGTTATAATATTAGGG,3167,NS500751|NS500751
3446,+,4,2,NDCt0,1,0,2,5,1.88,1,3446,+,orphan,NA,orphan,NA,NA,0,0,0,0,1,0,0,0,NA,ATTTGAATTTACAGATATTGCAGGGATTGTAAAAGGAGCTTCAAAAGGAGA,3446,NS500751|NS500751
3446,+,4,2,NDCt60,1,1,1.2,100,12,1,3446,+,orphan,NA,orphan,NA,NA,0,0,0,0,1,0,0,0,NA,ATTTGAATTTACAGATATTGCAGGGATTGTAAAAGGAGCTTCAAAAGGAGA,3446,NS500751|NS500751
3446,+,4,2,Ksg1q_t60,0,0,NA,NA,NA,1,3446,+,orphan,NA,orphan,NA,NA,0,0,0,0,1,0,0,0,NA,ATTTGAATTTACAGATATTGCAGGGATTGTAAAAGGAGCTTCAAAAGGAGA,3446,NS500751|NS500751
3446,+,4,2,Ksg3q_t60,0,0,NA,NA,NA,1,3446,+,orphan,NA,orphan,NA,NA,0,0,0,0,1,0,0,0,NA,ATTTGAATTTACAGATATTGCAGGGATTGTAAAAGGAGCTTCAAAAGGAGA,3446,NS500751|NS500751
3598,+,4,2,NDCt0,0,0,NA,NA,NA,1,3598,+,orphan,NA,orphan,NA,NA,0,0,0,0,1,0,0,0,NA,GTGAAGACGCCTTTGTAGATCCACTTGCAGATATTGATACCATTAATCTGG,3598,NS500751|NS500751
3598,+,4,2,NDCt60,1,1,2.4,2,12,1,3598,+,orphan,NA,orphan,NA,NA,0,0,0,0,1,0,0,0,NA,GTGAAGACGCCTTTGTAGATCCACTTGCAGATATTGATACCATTAATCTGG,3598,NS500751|NS500751
3598,+,4,2,Ksg1q_t60,1,1,1.5,2,8.67,1,3598,+,orphan,NA,orphan,NA,NA,0,0,0,0,1,0,0,0,NA,GTGAAGACGCCTTTGTAGATCCACTTGCAGATATTGATACCATTAATCTGG,3598,NS500751|NS500751
3598,+,4,2,Ksg3q_t60,0,0,NA,NA,NA,1,3598,+,orphan,NA,orphan,NA,NA,0,0,0,0,1,0,0,0,NA,GTGAAGACGCCTTTGTAGATCCACTTGCAGATATTGATACCATTAATCTGG,3598,NS500751|NS500751
3825,+,4,4,NDCt0,1,1,3.75,100,100,1,3825,+,orphan,NA,orphan,NA,NA,0,0,0,0,1,0,0,0,NA,AAGGTTGTCAAAGGTCTTTTCCTTTTGACGACTAAACCAGTTCTTTATGTA,3825,NS500751|NS500751
3825,+,4,4,NDCt60,1,1,3,100,9,1,3825,+,orphan,NA,orphan,NA,NA,0,0,0,0,1,0,0,0,NA,AAGGTTGTCAAAGGTCTTTTCCTTTTGACGACTAAACCAGTTCTTTATGTA,3825,NS500751|NS500751
3825,+,4,4,Ksg1q_t60,1,0,0.75,100,1.09,1,3825,+,orphan,NA,orphan,NA,NA,0,0,0,0,1,0,0,0,NA,AAGGTTGTCAAAGGTCTTTTCCTTTTGACGACTAAACCAGTTCTTTATGTA,3825,NS500751|NS500751
3825,+,4,4,Ksg3q_t60,1,1,3.23,4.5,6.07,1,3825,+,orphan,NA,orphan,NA,NA,0,0,0,0,1,0,0,0,NA,AAGGTTGTCAAAGGTCTTTTCCTTTTGACGACTAAACCAGTTCTTTATGTA,3825,NS500751|NS500751
7670,+,4,1,NDCt0,0,0,NA,NA,NA,1,7670,+,orphan,NA,orphan,NA,NA,0,0,0,0,1,0,0,0,NA,CAAATGCTAATACTTTATTTATTGAAAATGCGGACCATATGGGCTTGTCAA,7670,NS500751|NS500751
7670,+,4,1,NDCt60,0,0,NA,NA,NA,1,7670,+,orphan,NA,orphan,NA,NA,0,0,0,0,1,0,0,0,NA,CAAATGCTAATACTTTATTTATTGAAAATGCGGACCATATGGGCTTGTCAA,7670,NS500751|NS500751
7670,+,4,1,Ksg1q_t60,0,0,NA,NA,NA,1,7670,+,orphan,NA,orphan,NA,NA,0,0,0,0,1,0,0,0,NA,CAAATGCTAATACTTTATTTATTGAAAATGCGGACCATATGGGCTTGTCAA,7670,NS500751|NS500751
7670,+,4,1,Ksg3q_t60,1,1,3,100,100,1,7670,+,orphan,NA,orphan,NA,NA,0,0,0,0,1,0,0,0,NA,CAAATGCTAATACTTTATTTATTGAAAATGCGGACCATATGGGCTTGTCAA,7670,NS500751|NS500751
8507,+,4,4,NDCt0,1,1,59.83,3.37,10.68,1,8507,+,orphan,NA,orphan,NA,NA,0,0,0,0,1,0,0,0,NA,TTTGATATTTTTCTTCTATAAAATAGATAAAAATGGTACAATAATAAATTG,8507,NS500751|NS500751
8507,+,4,4,NDCt60,1,1,12,5,22.29,1,8507,+,orphan,NA,orphan,NA,NA,0,0,0,0,1,0,0,0,NA,TTTGATATTTTTCTTCTATAAAATAGATAAAAATGGTACAATAATAAATTG,8507,NS500751|NS500751
8507,+,4,4,Ksg1q_t60,1,1,11,4.67,15.75,1,8507,+,orphan,NA,orphan,NA,NA,0,0,0,0,1,0,0,0,NA,TTTGATATTTTTCTTCTATAAAATAGATAAAAATGGTACAATAATAAATTG,8507,NS500751|NS500751
8507,+,4,4,Ksg3q_t60,1,1,35.54,4.21,13.43,1,8507,+,orphan,NA,orphan,NA,NA,0,0,0,0,1,0,0,0,NA,TTTGATATTTTTCTTCTATAAAATAGATAAAAATGGTACAATAATAAATTG,8507,NS500751|NS500751
8954,+,4,1,NDCt0,0,0,NA,NA,NA,1,8954,+,orphan,NA,orphan,NA,NA,0,0,0,0,1,0,0,0,NA,CTATTATTTATCTTGCCAACTTTTAATTTAGCGCAGAGTTATCAGCAATTA,8954,NS500751|NS500751
8954,+,4,1,NDCt60,1,1,2.4,100,12,1,8954,+,orphan,NA,orphan,NA,NA,0,0,0,0,1,0,0,0,NA,CTATTATTTATCTTGCCAACTTTTAATTTAGCGCAGAGTTATCAGCAATTA,8954,NS500751|NS500751
8954,+,4,1,Ksg1q_t60,0,0,NA,NA,NA,1,8954,+,orphan,NA,orphan,NA,NA,0,0,0,0,1,0,0,0,NA,CTATTATTTATCTTGCCAACTTTTAATTTAGCGCAGAGTTATCAGCAATTA,8954,NS500751|NS500751
8954,+,4,1,Ksg3q_t60,0,0,NA,NA,NA,1,8954,+,orphan,NA,orphan,NA,NA,0,0,0,0,1,0,0,0,NA,CTATTATTTATCTTGCCAACTTTTAATTTAGCGCAGAGTTATCAGCAATTA,8954,NS500751|NS500751
10228,+,4,1,NDCt0,0,0,NA,NA,NA,1,10228,+,orphan,NA,orphan,NA,NA,0,0,0,0,1,0,0,0,NA,ATTTCAAACCAATCTGATGCCACATTCAAATCCAAGATGTCTGCCATTATG,10228,NS500751|NS500751
10228,+,4,1,NDCt60,1,1,1.8,4,100,1,10228,+,orphan,NA,orphan,NA,NA,0,0,0,0,1,0,0,0,NA,ATTTCAAACCAATCTGATGCCACATTCAAATCCAAGATGTCTGCCATTATG,10228,NS500751|NS500751
10228,+,4,1,Ksg1q_t60,0,0,NA,NA,NA,1,10228,+,orphan,NA,orphan,NA,NA,0,0,0,0,1,0,0,0,NA,ATTTCAAACCAATCTGATGCCACATTCAAATCCAAGATGTCTGCCATTATG,10228,NS500751|NS500751
10228,+,4,1,Ksg3q_t60,0,0,NA,NA,NA,1,10228,+,orphan,NA,orphan,NA,NA,0,0,0,0,1,0,0,0,NA,ATTTCAAACCAATCTGATGCCACATTCAAATCCAAGATGTCTGCCATTATG,10228,NS500751|NS500751
11377,+,4,1,NDCt0,0,0,NA,NA,NA,1,11377,+,orphan,NA,orphan,NA,NA,0,0,0,0,1,0,0,0,NA,CTGAAGTTCAGCAGATTTTAAAATCTAAAAGCCAGTATCGTCATCCGATTA,11377,NS500751|NS500751
11377,+,4,1,NDCt60,0,0,NA,NA,NA,1,11377,+,orphan,NA,orphan,NA,NA,0,0,0,0,1,0,0,0,NA,CTGAAGTTCAGCAGATTTTAAAATCTAAAAGCCAGTATCGTCATCCGATTA,11377,NS500751|NS500751
11377,+,4,1,Ksg1q_t60,1,1,2,100,100,1,11377,+,orphan,NA,orphan,NA,NA,0,0,0,0,1,0,0,0,NA,CTGAAGTTCAGCAGATTTTAAAATCTAAAAGCCAGTATCGTCATCCGATTA,11377,NS500751|NS500751
11377,+,4,1,Ksg3q_t60,0,0,NA,NA,NA,1,11377,+,orphan,NA,orphan,NA,NA,0,0,0,0,1,0,0,0,NA,CTGAAGTTCAGCAGATTTTAAAATCTAAAAGCCAGTATCGTCATCCGATTA,11377,NS500751|NS500751
11993,+,4,3,NDCt0,1,1,2.17,1.67,4.4,1,11993,+,orphan,NA,orphan,NA,NA,0,0,0,0,1,0,0,0,NA,ATCTATTCCTTTTATGGCTGAATTGGTCAAACATATTGATACACATATTGA,11993,NS500751|NS500751
11993,+,4,3,NDCt60,1,1,1.2,100,10,1,11993,+,orphan,NA,orphan,NA,NA,0,0,0,0,1,0,0,0,NA,ATCTATTCCTTTTATGGCTGAATTGGTCAAACATATTGATACACATATTGA,11993,NS500751|NS500751
11993,+,4,3,Ksg1q_t60,0,0,NA,NA,NA,1,11993,+,orphan,NA,orphan,NA,NA,0,0,0,0,1,0,0,0,NA,ATCTATTCCTTTTATGGCTGAATTGGTCAAACATATTGATACACATATTGA,11993,NS500751|NS500751
11993,+,4,3,Ksg3q_t60,1,1,0.95,2.5,6.25,1,11993,+,orphan,NA,orphan,NA,NA,0,0,0,0,1,0,0,0,NA,ATCTATTCCTTTTATGGCTGAATTGGTCAAACATATTGATACACATATTGA,11993,NS500751|NS500751
12112,+,4,1,NDCt0,0,0,NA,NA,NA,1,12112,+,orphan,NA,orphan,NA,NA,0,0,0,0,1,0,0,0,NA,AAGATGTGACTCAAGATATCAAAGGAAGACATGTTCTATTTGTAGAAGATA,12112,NS500751|NS500751
12112,+,4,1,NDCt60,0,0,NA,NA,NA,1,12112,+,orphan,NA,orphan,NA,NA,0,0,0,0,1,0,0,0,NA,AAGATGTGACTCAAGATATCAAAGGAAGACATGTTCTATTTGTAGAAGATA,12112,NS500751|NS500751
12112,+,4,1,Ksg1q_t60,1,1,2,100,45,1,12112,+,orphan,NA,orphan,NA,NA,0,0,0,0,1,0,0,0,NA,AAGATGTGACTCAAGATATCAAAGGAAGACATGTTCTATTTGTAGAAGATA,12112,NS500751|NS500751
12112,+,4,1,Ksg3q_t60,0,0,NA,NA,NA,1,12112,+,orphan,NA,orphan,NA,NA,0,0,0,0,1,0,0,0,NA,AAGATGTGACTCAAGATATCAAAGGAAGACATGTTCTATTTGTAGAAGATA,12112,NS500751|NS500751
12144,+,4,1,NDCt0,0,0,NA,NA,NA,1,12144,+,orphan,NA,orphan,NA,NA,0,0,0,0,1,0,0,0,NA,GTTCTATTTGTAGAAGATATCATTGATACAGGTCAAACTTTGAAGAATTTG,12144,NS500751|NS500751
12144,+,4,1,NDCt60,0,0,NA,NA,NA,1,12144,+,orphan,NA,orphan,NA,NA,0,0,0,0,1,0,0,0,NA,GTTCTATTTGTAGAAGATATCATTGATACAGGTCAAACTTTGAAGAATTTG,12144,NS500751|NS500751
12144,+,4,1,Ksg1q_t60,1,1,2.25,100,9.75,1,12144,+,orphan,NA,orphan,NA,NA,0,0,0,0,1,0,0,0,NA,GTTCTATTTGTAGAAGATATCATTGATACAGGTCAAACTTTGAAGAATTTG,12144,NS500751|NS500751
12144,+,4,1,Ksg3q_t60,0,0,NA,NA,NA,1,12144,+,orphan,NA,orphan,NA,NA,0,0,0,0,1,0,0,0,NA,GTTCTATTTGTAGAAGATATCATTGATACAGGTCAAACTTTGAAGAATTTG,12144,NS500751|NS500751
12178,+,4,1,NDCt0,0,0,NA,NA,NA,1,12178,+,orphan,NA,orphan,NA,NA,0,0,0,0,1,0,0,0,NA,AAACTTTGAAGAATTTGCGAGATATGTTTAAAGAAAGAGAAGCAGCTTCTG,12178,NS500751|NS500751
12178,+,4,1,NDCt60,0,0,NA,NA,NA,1,12178,+,orphan,NA,orphan,NA,NA,0,0,0,0,1,0,0,0,NA,AAACTTTGAAGAATTTGCGAGATATGTTTAAAGAAAGAGAAGCAGCTTCTG,12178,NS500751|NS500751
12178,+,4,1,Ksg1q_t60,0,0,NA,NA,NA,1,12178,+,orphan,NA,orphan,NA,NA,0,0,0,0,1,0,0,0,NA,AAACTTTGAAGAATTTGCGAGATATGTTTAAAGAAAGAGAAGCAGCTTCTG,12178,NS500751|NS500751
12178,+,4,1,Ksg3q_t60,1,1,3,100,100,1,12178,+,orphan,NA,orphan,NA,NA,0,0,0,0,1,0,0,0,NA,AAACTTTGAAGAATTTGCGAGATATGTTTAAAGAAAGAGAAGCAGCTTCTG,12178,NS500751|NS500751
12788,+,4,2,NDCt0,1,1,2.5,2.25,9,1,12788,+,orphan,NA,orphan,NA,NA,0,0,0,0,1,0,0,0,NA,AACTGTTAAGCATGAAAGTTCAAGTGGTATATGGATTAATCTACTCGTATC,12788,NS500751|NS500751
12788,+,4,2,NDCt60,1,1,0.6,2,3,1,12788,+,orphan,NA,orphan,NA,NA,0,0,0,0,1,0,0,0,NA,AACTGTTAAGCATGAAAGTTCAAGTGGTATATGGATTAATCTACTCGTATC,12788,NS500751|NS500751
12788,+,4,2,Ksg1q_t60,0,0,NA,NA,NA,1,12788,+,orphan,NA,orphan,NA,NA,0,0,0,0,1,0,0,0,NA,AACTGTTAAGCATGAAAGTTCAAGTGGTATATGGATTAATCTACTCGTATC,12788,NS500751|NS500751
12788,+,4,2,Ksg3q_t60,0,0,NA,NA,NA,1,12788,+,orphan,NA,orphan,NA,NA,0,0,0,0,1,0,0,0,NA,AACTGTTAAGCATGAAAGTTCAAGTGGTATATGGATTAATCTACTCGTATC,12788,NS500751|NS500751
13566,+,4,3,NDCt0,1,1,0.67,3,3,1,13566,+,orphan,NA,orphan,NA,NA,0,0,0,0,1,0,0,0,NA,TTAGTGGCTCAACAAACTCCAGGCTTTGTTGGTGCTGATTTAGAGAATGTC,13566,NS500751|NS500751
13566,+,4,3,NDCt60,1,1,3,2.67,12,1,13566,+,orphan,NA,orphan,NA,NA,0,0,0,0,1,0,0,0,NA,TTAGTGGCTCAACAAACTCCAGGCTTTGTTGGTGCTGATTTAGAGAATGTC,13566,NS500751|NS500751
13566,+,4,3,Ksg1q_t60,0,0,NA,NA,NA,1,13566,+,orphan,NA,orphan,NA,NA,0,0,0,0,1,0,0,0,NA,TTAGTGGCTCAACAAACTCCAGGCTTTGTTGGTGCTGATTTAGAGAATGTC,13566,NS500751|NS500751
13566,+,4,3,Ksg3q_t60,1,1,0.63,3,3.75,1,13566,+,orphan,NA,orphan,NA,NA,0,0,0,0,1,0,0,0,NA,TTAGTGGCTCAACAAACTCCAGGCTTTGTTGGTGCTGATTTAGAGAATGTC,13566,NS500751|NS500751
13605,+,4,3,NDCt0,1,1,2.67,6,2.25,1,13605,+,orphan,NA,orphan,NA,NA,0,0,0,0,1,0,0,0,NA,TTAGAGAATGTCTTGAATGAAGCAGCTTTAGTTGCTGCTCGTCGCAATAAA,13605,NS500751|NS500751
13605,+,4,3,NDCt60,1,1,2.4,5,3.33,1,13605,+,orphan,NA,orphan,NA,NA,0,0,0,0,1,0,0,0,NA,TTAGAGAATGTCTTGAATGAAGCAGCTTTAGTTGCTGCTCGTCGCAATAAA,13605,NS500751|NS500751
13605,+,4,3,Ksg1q_t60,0,0,NA,NA,NA,1,13605,+,orphan,NA,orphan,NA,NA,0,0,0,0,1,0,0,0,NA,TTAGAGAATGTCTTGAATGAAGCAGCTTTAGTTGCTGCTCGTCGCAATAAA,13605,NS500751|NS500751
13605,+,4,3,Ksg3q_t60,1,1,2.77,100,6,1,13605,+,orphan,NA,orphan,NA,NA,0,0,0,0,1,0,0,0,NA,TTAGAGAATGTCTTGAATGAAGCAGCTTTAGTTGCTGCTCGTCGCAATAAA,13605,NS500751|NS500751
13635,+,4,2,NDCt0,1,1,6.17,1.8,2.02,1,13635,+,orphan,NA,orphan,NA,NA,0,0,0,0,1,0,0,0,NA,GTTGCTGCTCGTCGCAATAAATCGATAATTGATGCTTCAGATATTGATGAA,13635,NS500751|NS500751
13635,+,4,2,NDCt60,0,0,NA,NA,NA,1,13635,+,orphan,NA,orphan,NA,NA,0,0,0,0,1,0,0,0,NA,GTTGCTGCTCGTCGCAATAAATCGATAATTGATGCTTCAGATATTGATGAA,13635,NS500751|NS500751
13635,+,4,2,Ksg1q_t60,1,0,1.5,100,1.6,1,13635,+,orphan,NA,orphan,NA,NA,0,0,0,0,1,0,0,0,NA,GTTGCTGCTCGTCGCAATAAATCGATAATTGATGCTTCAGATATTGATGAA,13635,NS500751|NS500751
13635,+,4,2,Ksg3q_t60,0,0,NA,NA,NA,1,13635,+,orphan,NA,orphan,NA,NA,0,0,0,0,1,0,0,0,NA,GTTGCTGCTCGTCGCAATAAATCGATAATTGATGCTTCAGATATTGATGAA,13635,NS500751|NS500751
13909,+,4,2,NDCt0,1,1,2.5,1.5,3.21,1,13909,+,orphan,NA,orphan,NA,NA,0,0,0,0,1,0,0,0,NA,TGAAAGAGCAATTGGCTGGCTTAATGGGTGGACGTGTAGCTGAAGAAATTA,13909,NS500751|NS500751
13909,+,4,2,NDCt60,0,0,NA,NA,NA,1,13909,+,orphan,NA,orphan,NA,NA,0,0,0,0,1,0,0,0,NA,TGAAAGAGCAATTGGCTGGCTTAATGGGTGGACGTGTAGCTGAAGAAATTA,13909,NS500751|NS500751
13909,+,4,2,Ksg1q_t60,0,0,NA,NA,NA,1,13909,+,orphan,NA,orphan,NA,NA,0,0,0,0,1,0,0,0,NA,TGAAAGAGCAATTGGCTGGCTTAATGGGTGGACGTGTAGCTGAAGAAATTA,13909,NS500751|NS500751
13909,+,4,2,Ksg3q_t60,1,1,1.5,3,4.5,1,13909,+,orphan,NA,orphan,NA,NA,0,0,0,0,1,0,0,0,NA,TGAAAGAGCAATTGGCTGGCTTAATGGGTGGACGTGTAGCTGAAGAAATTA,13909,NS500751|NS500751
14124,+,4,2,NDCt0,0,0,NA,NA,NA,1,14124,+,orphan,NA,orphan,NA,NA,0,0,0,0,1,0,0,0,NA,GAACAAACAGCTTATGAAATTGATGAAGAGGTTCGTTCATTATTAAATGAG,14124,NS500751|NS500751
14124,+,4,2,NDCt60,1,1,1.8,2,4,1,14124,+,orphan,NA,orphan,NA,NA,0,0,0,0,1,0,0,0,NA,GAACAAACAGCTTATGAAATTGATGAAGAGGTTCGTTCATTATTAAATGAG,14124,NS500751|NS500751
14124,+,4,2,Ksg1q_t60,0,0,NA,NA,NA,1,14124,+,orphan,NA,orphan,NA,NA,0,0,0,0,1,0,0,0,NA,GAACAAACAGCTTATGAAATTGATGAAGAGGTTCGTTCATTATTAAATGAG,14124,NS500751|NS500751
14124,+,4,2,Ksg3q_t60,1,1,0.92,1.5,4.05,1,14124,+,orphan,NA,orphan,NA,NA,0,0,0,0,1,0,0,0,NA,GAACAAACAGCTTATGAAATTGATGAAGAGGTTCGTTCATTATTAAATGAG,14124,NS500751|NS500751
14236,+,4,2,NDCt0,0,0,NA,NA,NA,1,14236,+,orphan,NA,orphan,NA,NA,0,0,0,0,1,0,0,0,NA,AAGCATTATTGAAATACGAAACATTGGATAGTACACAAATTAAAGCTCTTT,14236,NS500751|NS500751
14236,+,4,2,NDCt60,1,1,1.85,2.33,7,1,14236,+,orphan,NA,orphan,NA,NA,0,0,0,0,1,0,0,0,NA,AAGCATTATTGAAATACGAAACATTGGATAGTACACAAATTAAAGCTCTTT,14236,NS500751|NS500751
14236,+,4,2,Ksg1q_t60,0,0,NA,NA,NA,1,14236,+,orphan,NA,orphan,NA,NA,0,0,0,0,1,0,0,0,NA,AAGCATTATTGAAATACGAAACATTGGATAGTACACAAATTAAAGCTCTTT,14236,NS500751|NS500751
14236,+,4,2,Ksg3q_t60,1,1,0.63,1.5,7.5,1,14236,+,orphan,NA,orphan,NA,NA,0,0,0,0,1,0,0,0,NA,AAGCATTATTGAAATACGAAACATTGGATAGTACACAAATTAAAGCTCTTT,14236,NS500751|NS500751
14436,+,4,3,NDCt0,1,1,1.5,100,100,1,14436,+,orphan,NA,orphan,NA,NA,0,0,0,0,1,0,0,0,NA,AATGGAGAAAATGGAACAAATGTGTTTTCTAATCTGTTAGACTGTATCTAG,14436,NS500751|NS500751
14436,+,4,3,NDCt60,1,1,1.2,100,100,1,14436,+,orphan,NA,orphan,NA,NA,0,0,0,0,1,0,0,0,NA,AATGGAGAAAATGGAACAAATGTGTTTTCTAATCTGTTAGACTGTATCTAG,14436,NS500751|NS500751
14436,+,4,3,Ksg1q_t60,1,1,3,100,100,1,14436,+,orphan,NA,orphan,NA,NA,0,0,0,0,1,0,0,0,NA,AATGGAGAAAATGGAACAAATGTGTTTTCTAATCTGTTAGACTGTATCTAG,14436,NS500751|NS500751
14436,+,4,3,Ksg3q_t60,0,0,NA,NA,NA,1,14436,+,orphan,NA,orphan,NA,NA,0,0,0,0,1,0,0,0,NA,AATGGAGAAAATGGAACAAATGTGTTTTCTAATCTGTTAGACTGTATCTAG,14436,NS500751|NS500751
14463,+,4,2,NDCt0,1,1,2,100,100,1,14463,+,orphan,NA,orphan,NA,NA,0,0,0,0,1,0,0,0,NA,TCTAATCTGTTAGACTGTATCTAGAAAGGGGAAAATTATGATTAAAGAATT,14463,NS500751|NS500751
14463,+,4,2,NDCt60,0,0,NA,NA,NA,1,14463,+,orphan,NA,orphan,NA,NA,0,0,0,0,1,0,0,0,NA,TCTAATCTGTTAGACTGTATCTAGAAAGGGGAAAATTATGATTAAAGAATT,14463,NS500751|NS500751
14463,+,4,2,Ksg1q_t60,1,1,1.5,100,5.2,1,14463,+,orphan,NA,orphan,NA,NA,0,0,0,0,1,0,0,0,NA,TCTAATCTGTTAGACTGTATCTAGAAAGGGGAAAATTATGATTAAAGAATT,14463,NS500751|NS500751
14463,+,4,2,Ksg3q_t60,0,0,NA,NA,NA,1,14463,+,orphan,NA,orphan,NA,NA,0,0,0,0,1,0,0,0,NA,TCTAATCTGTTAGACTGTATCTAGAAAGGGGAAAATTATGATTAAAGAATT,14463,NS500751|NS500751
14466,+,4,1,NDCt0,0,0,NA,NA,NA,1,14466,+,orphan,NA,orphan,NA,NA,0,0,0,0,1,0,0,0,NA,AATCTGTTAGACTGTATCTAGAAAGGGGAAAATTATGATTAAAGAATTGTA,14466,NS500751|NS500751
14466,+,4,1,NDCt60,0,0,NA,NA,NA,1,14466,+,orphan,NA,orphan,NA,NA,0,0,0,0,1,0,0,0,NA,AATCTGTTAGACTGTATCTAGAAAGGGGAAAATTATGATTAAAGAATTGTA,14466,NS500751|NS500751
14466,+,4,1,Ksg1q_t60,0,0,NA,NA,NA,1,14466,+,orphan,NA,orphan,NA,NA,0,0,0,0,1,0,0,0,NA,AATCTGTTAGACTGTATCTAGAAAGGGGAAAATTATGATTAAAGAATTGTA,14466,NS500751|NS500751
14466,+,4,1,Ksg3q_t60,1,1,1.85,100,100,1,14466,+,orphan,NA,orphan,NA,NA,0,0,0,0,1,0,0,0,NA,AATCTGTTAGACTGTATCTAGAAAGGGGAAAATTATGATTAAAGAATTGTA,14466,NS500751|NS500751
14471,+,4,1,NDCt0,1,1,2,100,100,1,14471,+,orphan,NA,orphan,NA,NA,0,0,0,0,1,0,0,0,NA,GTTAGACTGTATCTAGAAAGGGGAAAATTATGATTAAAGAATTGTATGAAG,14471,NS500751|NS500751
14471,+,4,1,NDCt60,0,0,NA,NA,NA,1,14471,+,orphan,NA,orphan,NA,NA,0,0,0,0,1,0,0,0,NA,GTTAGACTGTATCTAGAAAGGGGAAAATTATGATTAAAGAATTGTATGAAG,14471,NS500751|NS500751
14471,+,4,1,Ksg1q_t60,0,0,NA,NA,NA,1,14471,+,orphan,NA,orphan,NA,NA,0,0,0,0,1,0,0,0,NA,GTTAGACTGTATCTAGAAAGGGGAAAATTATGATTAAAGAATTGTATGAAG,14471,NS500751|NS500751
14471,+,4,1,Ksg3q_t60,0,0,NA,NA,NA,1,14471,+,orphan,NA,orphan,NA,NA,0,0,0,0,1,0,0,0,NA,GTTAGACTGTATCTAGAAAGGGGAAAATTATGATTAAAGAATTGTATGAAG,14471,NS500751|NS500751