SuperPos,TSSUTR,Locus,termUTR,SuperStrand,mapCount,detCount,Genome,detected,enriched,stepHeight,stepFactor,enrichmentFactor,classCount,Sequence..50.nt.upstream...TSS..51nt.,rank
13566,,SP_0013,,+,4,3,NDCt60,1,1,3,2.67,12,1,TTAGTGGCTCAACAAACTCCAGGCTTTGTTGGTGCTGATTTAGAGAATGTC,primary
13605,,SP_0013,,+,4,3,Ksg3q_t60,1,1,2.77,100,6,1,TTAGAGAATGTCTTGAATGAAGCAGCTTTAGTTGCTGCTCGTCGCAATAAA,secondary
13635,,SP_0013,,+,4,2,Ksg1q_t60,1,0,1.5,100,1.6,1,GTTGCTGCTCGTCGCAATAAATCGATAATTGATGCTTCAGATATTGATGAA,primary
14124,,SP_0013,,+,4,2,NDCt60,1,1,1.8,2,4,1,GAACAAACAGCTTATGAAATTGATGAAGAGGTTCGTTCATTATTAAATGAG,secondary
14236,,SP_0013,,+,4,2,Ksg3q_t60,1,1,0.63,1.5,7.5,1,AAGCATTATTGAAATACGAAACATTGGATAGTACACAAATTAAAGCTCTTT,primary
14436,SP_0014,,,+,4,3,Ksg1q_t60,1,1,3,100,100,1,AATGGAGAAAATGGAACAAATGTGTTTTCTAATCTGTTAGACTGTATCTAG,primary
14463,,SP_0014,,+,4,2,Ksg1q_t60,1,1,1.5,100,5.2,1,TCTAATCTGTTAGACTGTATCTAGAAAGGGGAAAATTATGATTAAAGAATT,secondary
14466,,SP_0014,,+,4,1,Ksg3q_t60,1,1,1.85,100,100,1,AATCTGTTAGACTGTATCTAGAAAGGGGAAAATTATGATTAAAGAATTGTA,secondary
14473,,SP_0014,,+,4,1,Ksg3q_t60,1,1,2.31,100,100,1,TAGACTGTATCTAGAAAGGGGAAAATTATGATTAAAGAATTGTATGAAGAA,primary
14710,,SP_0014,,+,4,3,NDCt60,1,1,1.8,100,100,1,ATCCGTAAACAGGAAAGTCAGAAGCGTAGATACGATAAAGAACCCTATGAA,primary
15006,SP_2242,,,+,4,4,Ksg3q_t60,1,1,9.79,100,100,1,ATTAGAAAAAGTAGTTGACAAAGTTTGAAAAGGCTGTATAATAGTAAGAGT,primary
15010,SP_2242,,,+,4,2,Ksg3q_t60,1,1,10.11,100,40,1,GAAAAAGTAGTTGACAAAGTTTGAAAAGGCTGTATAATAGTAAGAGTTGAA,secondary
15013,SP_2242,,,+,4,1,NDCt60,1,1,11.54,100,100,1,AAAGTAGTTGACAAAGTTTGAAAAGGCTGTATAATAGTAAGAGTTGAAAAT,primary
15016,SP_2242,,,+,4,1,Ksg1q_t60,1,1,14.25,100,100,1,GTAGTTGACAAAGTTTGAAAAGGCTGTATAATAGTAAGAGTTGAAAATAAC,primary
15062,,SP_2242,,+,4,1,Ksg1q_t60,1,1,7.5,100,43.33,1,ATAACAACTCAGGTCCGTTGGTCAAGGGGTTAAGACACCGCCTTTTCACGG,secondary
15243,SP_rrnaA16S,,,+,4,4,NDCt60,1,1,939,100,100,1,ATATAGTTGTCGCTTGAGAGAAGCAAGTGACAAAGACCTTTGAAAACTGAA,primary
15243,SP_rrnaA16S,,,+,4,4,Ksg3q_t60,1,1,1771.26,100,100,1,ATATAGTTGTCGCTTGAGAGAAGCAAGTGACAAAGACCTTTGAAAACTGAA,primary
15251,SP_rrnaA16S,,,+,4,1,Ksg1q_t60,1,1,1194.75,100,100,1,GTCGCTTGAGAGAAGCAAGTGACAAAGACCTTTGAAAACTGAACAAGACGA,primary
15255,SP_rrnaA16S,,,+,4,3,NDCt60,1,1,403.38,100,100,1,CTTGAGAGAAGCAAGTGACAAAGACCTTTGAAAACTGAACAAGACGAACCA,secondary
15255,SP_rrnaA16S,,,+,4,3,Ksg3q_t60,1,1,1391.68,100,100,1,CTTGAGAGAAGCAAGTGACAAAGACCTTTGAAAACTGAACAAGACGAACCA,secondary
15258,SP_rrnaA16S,,,+,4,1,Ksg1q_t60,1,1,897.75,100,100,1,GAGAGAAGCAAGTGACAAAGACCTTTGAAAACTGAACAAGACGAACCAATG,secondary
16922,SP_2243,,,+,4,2,NDCt60,1,1,2.77,100,100,1,GTGCGGCTGGATCACCTCCTTTCTAAGGATAAGGAACTGCGCATTGGTCTT,secondary
16929,SP_2243,,,+,4,2,Ksg1q_t60,1,1,3.75,100,100,1,TGGATCACCTCCTTTCTAAGGATAAGGAACTGCGCATTGGTCTTGTTTAGT,secondary
16933,SP_2243,,,+,4,4,NDCt60,1,1,30,100,100,1,TCACCTCCTTTCTAAGGATAAGGAACTGCGCATTGGTCTTGTTTAGTCTTG,primary
16933,SP_2243,,,+,4,4,Ksg1q_t60,1,1,22.5,100,100,1,TCACCTCCTTTCTAAGGATAAGGAACTGCGCATTGGTCTTGTTTAGTCTTG,primary
16946,SP_2243,,,+,4,1,Ksg3q_t60,1,1,21.47,100,100,1,AAGGATAAGGAACTGCGCATTGGTCTTGTTTAGTCTTGAGAGGTCTTGTGG,secondary
16960,,SP_2243,,+,4,1,Ksg3q_t60,1,1,21.79,100,100,1,GCGCATTGGTCTTGTTTAGTCTTGAGAGGTCTTGTGGGGCCTTAGCTCAGC,primary
17053,SP_rrnaA23S,,,+,4,2,Ksg3q_t60,1,1,433.58,100,100,1,TCCCGCTAGGCTCCATTGGTGAGAGATCACCAAGTAATGCACATTGAAAAT,primary
17062,SP_rrnaA23S,,,+,4,3,Ksg1q_t60,1,1,321.75,100,100,1,GCTCCATTGGTGAGAGATCACCAAGTAATGCACATTGAAAATTGAATATCT,secondary
17064,SP_rrnaA23S,,,+,4,2,NDCt60,1,1,263.4,100,100,1,TCCATTGGTGAGAGATCACCAAGTAATGCACATTGAAAATTGAATATCTAT,primary
17066,SP_rrnaA23S,,,+,4,1,Ksg1q_t60,1,1,322.5,100,100,1,CATTGGTGAGAGATCACCAAGTAATGCACATTGAAAATTGAATATCTATAT,primary
17068,SP_rrnaA23S,,,+,4,2,NDCt60,1,1,263.4,100,100,1,TTGGTGAGAGATCACCAAGTAATGCACATTGAAAATTGAATATCTATATCA,secondary
17074,SP_rrnaA23S,,,+,4,3,Ksg3q_t60,1,1,408,100,100,1,AGAGATCACCAAGTAATGCACATTGAAAATTGAATATCTATATCAAATAGT,secondary
20102,SP_rrnaA5S,,,+,4,3,NDCt60,1,1,0.6,100,100,1,AGAATATGAAAGCGAACGGTTTTCTTAAATTGAATAGATATTCAATTTTGA,secondary
20102,SP_rrnaA5S,,,+,4,3,Ksg1q_t60,1,1,2.25,100,100,1,AGAATATGAAAGCGAACGGTTTTCTTAAATTGAATAGATATTCAATTTTGA,secondary
20102,SP_rrnaA5S,,,+,4,3,Ksg3q_t60,1,1,1.85,100,100,1,AGAATATGAAAGCGAACGGTTTTCTTAAATTGAATAGATATTCAATTTTGA,secondary
20120,SP_rrnaA5S,,,+,4,3,NDCt60,1,1,15,100,100,1,GTTTTCTTAAATTGAATAGATATTCAATTTTGAGTAGGTATTACTCAGAGT,primary
20120,SP_rrnaA5S,,,+,4,3,Ksg3q_t60,1,1,6.92,4,100,1,GTTTTCTTAAATTGAATAGATATTCAATTTTGAGTAGGTATTACTCAGAGT,primary
20127,SP_rrnaA5S,,,+,4,1,Ksg1q_t60,1,1,10.5,100,100,1,TAAATTGAATAGATATTCAATTTTGAGTAGGTATTACTCAGAGTTAAGTGA,primary
20464,,SP_RS11515,,+,4,1,NDCt60,1,1,18,100,100,1,ATCTTCTTATGGCATATTCAATAGATTTTCGTAAAAAAGTTCTCTCTTATT,primary
20478,,SP_RS11515,,+,4,2,NDCt60,1,1,16.8,100,100,1,TATTCAATAGATTTTCGTAAAAAAGTTCTCTCTTATTGTGAGCGAATAGGT,secondary
20682,,SP_RS11515,,+,4,3,Ksg1q_t60,1,1,27.75,100,100,1,GACAATCCAGACGCTTATTTGACTGAAATAGCTTCTGAATTTGGCTGTCAT,secondary
20682,,SP_RS11515,,+,4,3,Ksg3q_t60,1,1,52.74,100,100,1,GACAATCCAGACGCTTATTTGACTGAAATAGCTTCTGAATTTGGCTGTCAT,secondary
20689,,SP_RS11515,,+,4,2,Ksg1q_t60,1,1,33,100,100,1,CAGACGCTTATTTGACTGAAATAGCTTCTGAATTTGGCTGTCATCCAACTA,primary
20705,,SP_RS11515,,+,4,1,Ksg3q_t60,1,1,63.79,100,100,1,TGAAATAGCTTCTGAATTTGGCTGTCATCCAACTACCATCCACTATACGCT,primary
21784,,,antisense,+,4,1,Ksg3q_t60,1,1,2.84,100,100,1,TTCTGCTCTCAAGAACAGTTATGATATTGAGTTTATCAAAGTCCTGAGCAA,secondary
22759,SP_0019,,,+,4,3,NDCt60,1,1,218.4,11.11,39.34,1,TTTCTATTGTTTCTTCTTGATAAAAAGGCGATTTTTTATTATAATAAATTG,primary
22759,SP_0019,,,+,4,3,Ksg3q_t60,1,1,186.63,11.19,100,1,TTTCTATTGTTTCTTCTTGATAAAAAGGCGATTTTTTATTATAATAAATTG,primary
23744,,SP_0019,,+,4,1,NDCt60,0,0,0.6,100,0.55,1,GTATCCGTGAAGTGGGTCATGAATATGGTACAACAACTGGTCGTCCACGTC,secondary
24164,csRNA,,,+,4,3,NDCt60,1,1,38.4,10.14,6.55,1,CCTAAGAGATTTTTAAGATTTGTTTAAGATAGGTCGGGTATACTATAGACG,primary
24164,csRNA,,,+,4,3,Ksg3q_t60,1,1,7.26,6.75,100,1,CCTAAGAGATTTTTAAGATTTGTTTAAGATAGGTCGGGTATACTATAGACG,primary
24292,SP_0020,,,+,4,3,NDCt60,1,1,3.6,7,100,1,ACCGCATTCGGTGGCTTTTTTTGTGTTGGGATTCATGATATAATAATAAAA,primary
24292,SP_0020,,,+,4,3,Ksg3q_t60,1,1,10.11,11.67,100,1,ACCGCATTCGGTGGCTTTTTTTGTGTTGGGATTCATGATATAATAATAAAA,primary
25349,,SP_0021,,+,4,1,NDCt60,1,1,1.8,2,4,1,GGTTGTTCTTGAAGTTGGGGAGCGTATTGTCCAGGCTGTTTTTGCTACTTT,primary
25791,,SP_0022,,+,4,3,NDCt60,1,0,5.4,4,1.18,1,GGAGTTGCTTCCTAATAGTCCTATTCAATATGAGACAGCTACGGAAATGAA,secondary
,,,,,,,,,,,,,,,
,,,,,,,,,,,,,,,
,,,,,,,,,,,,,,,
,,,,,,,,,,,,,,,
,,,,,,,,,,,,,,,
,,,,,,,,,,,,,,,
,,,,,,,,,,,,,,,
,,,,,,,,,,,,,,,
,,,,,,,,,,,,,,,
,,,,,,,,,,,,,,,
,,,,,,,,,,,,,,,
,,,,,,,,,,,,,,,
,,,,,,,,,,,,,,,
,,,,,,,,,,,,,,,
,,,,,,,,,,,,,,,
,,,,,,,,,,,,,,,
,,,,,,,,,,,,,,,
,,,,,,,,,,,,,,,
,,,,,,,,,,,,,,,
,,,,,,,,,,,,,,,
,,,,,,,,,,,,,,,
,,,,,,,,,,,,,,,
,,,,,,,,,,,,,,,
,,,,,,,,,,,,,,,
,,,,,,,,,,,,,,,
,,,,,,,,,,,,,,,
,,,,,,,,,,,,,,,
,,,,,,,,,,,,,,,
,,,,,,,,,,,,,,,
,,,,,,,,,,,,,,,
,,,,,,,,,,,,,,,
,,,,,,,,,,,,,,,
,,,,,,,,,,,,,,,
,,,,,,,,,,,,,,,
,,,,,,,,,,,,,,,
,,,,,,,,,,,,,,,
,,,,,,,,,,,,,,,
,,,,,,,,,,,,,,,
,,,,,,,,,,,,,,,
,,,,,,,,,,,,,,,
,,,,,,,,,,,,,,,
,,,,,,,,,,,,,,,
,,,,,,,,,,,,,,,
,,,,,,,,,,,,,,,
,,,,,,,,,,,,,,,
,,,,,,,,,,,,,,,
,,,,,,,,,,,,,,,
,,,,,,,,,,,,,,,
,,,,,,,,,,,,,,,
,,,,,,,,,,,,,,,
,,,,,,,,,,,,,,,
,,,,,,,,,,,,,,,
,,,,,,,,,,,,,,,
,,,,,,,,,,,,,,,
,,,,,,,,,,,,,,,
,,,,,,,,,,,,,,,
,,,,,,,,,,,,,,,
,,,,,,,,,,,,,,,
,,,,,,,,,,,,,,,
,,,,,,,,,,,,,,,
,,,,,,,,,,,,,,,
,,,,,,,,,,,,,,,
,,,,,,,,,,,,,,,
,,,,,,,,,,,,,,,
,,,,,,,,,,,,,,,
,,,,,,,,,,,,,,,
,,,,,,,,,,,,,,,
,,,,,,,,,,,,,,,
,,,,,,,,,,,,,,,
,,,,,,,,,,,,,,,
,,,,,,,,,,,,,,,
,,,,,,,,,,,,,,,
,,,,,,,,,,,,,,,
,,,,,,,,,,,,,,,
,,,,,,,,,,,,,,,
,,,,,,,,,,,,,,,
,,,,,,,,,,,,,,,
,,,,,,,,,,,,,,,
,,,,,,,,,,,,,,,
,,,,,,,,,,,,,,,
,,,,,,,,,,,,,,,
,,,,,,,,,,,,,,,
,,,,,,,,,,,,,,,
,,,,,,,,,,,,,,,
,,,,,,,,,,,,,,,
,,,,,,,,,,,,,,,
,,,,,,,,,,,,,,,
,,,,,,,,,,,,,,,
,,,,,,,,,,,,,,,
,,,,,,,,,,,,,,,
,,,,,,,,,,,,,,,
,,,,,,,,,,,,,,,
,,,,,,,,,,,,,,,
,,,,,,,,,,,,,,,
,,,,,,,,,,,,,,,
,,,,,,,,,,,,,,,
,,,,,,,,,,,,,,,
,,,,,,,,,,,,,,,
,,,,,,,,,,,,,,,
,,,,,,,,,,,,,,,
,,,,,,,,,,,,,,,
,,,,,,,,,,,,,,,
,,,,,,,,,,,,,,,
,,,,,,,,,,,,,,,
,,,,,,,,,,,,,,,
,,,,,,,,,,,,,,,
,,,,,,,,,,,,,,,
,,,,,,,,,,,,,,,
,,,,,,,,,,,,,,,
,,,,,,,,,,,,,,,
,,,,,,,,,,,,,,,
,,,,,,,,,,,,,,,
,,,,,,,,,,,,,,,
,,,,,,,,,,,,,,,
,,,,,,,,,,,,,,,
,,,,,,,,,,,,,,,
,,,,,,,,,,,,,,,
,,,,,,,,,,,,,,,
,,,,,,,,,,,,,,,
,,,,,,,,,,,,,,,
,,,,,,,,,,,,,,,
,,,,,,,,,,,,,,,
,,,,,,,,,,,,,,,
,,,,,,,,,,,,,,,
,,,,,,,,,,,,,,,
,,,,,,,,,,,,,,,
,,,,,,,,,,,,,,,
,,,,,,,,,,,,,,,
,,,,,,,,,,,,,,,
,,,,,,,,,,,,,,,
,,,,,,,,,,,,,,,
,,,,,,,,,,,,,,,
,,,,,,,,,,,,,,,
,,,,,,,,,,,,,,,
,,,,,,,,,,,,,,,
,,,,,,,,,,,,,,,
,,,,,,,,,,,,,,,
,,,,,,,,,,,,,,,
,,,,,,,,,,,,,,,
,,,,,,,,,,,,,,,
,,,,,,,,,,,,,,,
,,,,,,,,,,,,,,,
,,,,,,,,,,,,,,,
,,,,,,,,,,,,,,,
,,,,,,,,,,,,,,,
,,,,,,,,,,,,,,,
,,,,,,,,,,,,,,,
,,,,,,,,,,,,,,,
,,,,,,,,,,,,,,,
,,,,,,,,,,,,,,,
,,,,,,,,,,,,,,,
,,,,,,,,,,,,,,,
,,,,,,,,,,,,,,,
,,,,,,,,,,,,,,,
,,,,,,,,,,,,,,,
,,,,,,,,,,,,,,,
,,,,,,,,,,,,,,,
,,,,,,,,,,,,,,,
,,,,,,,,,,,,,,,
,,,,,,,,,,,,,,,
,,,,,,,,,,,,,,,
,,,,,,,,,,,,,,,
,,,,,,,,,,,,,,,
,,,,,,,,,,,,,,,
,,,,,,,,,,,,,,,
,,,,,,,,,,,,,,,
,,,,,,,,,,,,,,,
,,,,,,,,,,,,,,,
,,,,,,,,,,,,,,,
,,,,,,,,,,,,,,,
,,,,,,,,,,,,,,,
,,,,,,,,,,,,,,,
,,,,,,,,,,,,,,,
,,,,,,,,,,,,,,,
,,,,,,,,,,,,,,,
,,,,,,,,,,,,,,,
,,,,,,,,,,,,,,,
,,,,,,,,,,,,,,,
,,,,,,,,,,,,,,,
,,,,,,,,,,,,,,,
,,,,,,,,,,,,,,,
,,,,,,,,,,,,,,,
,,,,,,,,,,,,,,,
,,,,,,,,,,,,,,,
,,,,,,,,,,,,,,,
,,,,,,,,,,,,,,,
,,,,,,,,,,,,,,,
,,,,,,,,,,,,,,,
,,,,,,,,,,,,,,,
,,,,,,,,,,,,,,,
,,,,,,,,,,,,,,,
,,,,,,,,,,,,,,,
,,,,,,,,,,,,,,,
,,,,,,,,,,,,,,,
,,,,,,,,,,,,,,,
,,,,,,,,,,,,,,,
,,,,,,,,,,,,,,,
,,,,,,,,,,,,,,,
,,,,,,,,,,,,,,,
,,,,,,,,,,,,,,,
,,,,,,,,,,,,,,,
,,,,,,,,,,,,,,,
,,,,,,,,,,,,,,,
,,,,,,,,,,,,,,,
,,,,,,,,,,,,,,,
,,,,,,,,,,,,,,,
,,,,,,,,,,,,,,,
,,,,,,,,,,,,,,,
,,,,,,,,,,,,,,,
,,,,,,,,,,,,,,,
,,,,,,,,,,,,,,,
,,,,,,,,,,,,,,,
,,,,,,,,,,,,,,,
,,,,,,,,,,,,,,,
,,,,,,,,,,,,,,,
,,,,,,,,,,,,,,,
,,,,,,,,,,,,,,,
,,,,,,,,,,,,,,,
,,,,,,,,,,,,,,,
,,,,,,,,,,,,,,,
,,,,,,,,,,,,,,,
,,,,,,,,,,,,,,,
,,,,,,,,,,,,,,,
,,,,,,,,,,,,,,,
,,,,,,,,,,,,,,,
,,,,,,,,,,,,,,,
,,,,,,,,,,,,,,,
,,,,,,,,,,,,,,,
,,,,,,,,,,,,,,,
,,,,,,,,,,,,,,,
,,,,,,,,,,,,,,,
,,,,,,,,,,,,,,,
,,,,,,,,,,,,,,,
,,,,,,,,,,,,,,,
,,,,,,,,,,,,,,,
,,,,,,,,,,,,,,,
,,,,,,,,,,,,,,,
,,,,,,,,,,,,,,,
,,,,,,,,,,,,,,,
,,,,,,,,,,,,,,,
,,,,,,,,,,,,,,,
,,,,,,,,,,,,,,,
,,,,,,,,,,,,,,,
,,,,,,,,,,,,,,,
,,,,,,,,,,,,,,,
,,,,,,,,,,,,,,,
,,,,,,,,,,,,,,,
,,,,,,,,,,,,,,,
,,,,,,,,,,,,,,,
,,,,,,,,,,,,,,,
,,,,,,,,,,,,,,,
,,,,,,,,,,,,,,,
,,,,,,,,,,,,,,,
,,,,,,,,,,,,,,,
,,,,,,,,,,,,,,,
,,,,,,,,,,,,,,,
,,,,,,,,,,,,,,,
,,,,,,,,,,,,,,,
,,,,,,,,,,,,,,,
,,,,,,,,,,,,,,,
,,,,,,,,,,,,,,,
,,,,,,,,,,,,,,,
,,,,,,,,,,,,,,,
,,,,,,,,,,,,,,,
,,,,,,,,,,,,,,,
,,,,,,,,,,,,,,,
,,,,,,,,,,,,,,,
,,,,,,,,,,,,,,,
,,,,,,,,,,,,,,,
,,,,,,,,,,,,,,,
,,,,,,,,,,,,,,,
,,,,,,,,,,,,,,,
,,,,,,,,,,,,,,,
,,,,,,,,,,,,,,,
,,,,,,,,,,,,,,,
,,,,,,,,,,,,,,,
,,,,,,,,,,,,,,,
,,,,,,,,,,,,,,,
,,,,,,,,,,,,,,,
,,,,,,,,,,,,,,,
,,,,,,,,,,,,,,,
,,,,,,,,,,,,,,,
,,,,,,,,,,,,,,,
,,,,,,,,,,,,,,,
,,,,,,,,,,,,,,,
,,,,,,,,,,,,,,,
,,,,,,,,,,,,,,,
,,,,,,,,,,,,,,,
,,,,,,,,,,,,,,,
,,,,,,,,,,,,,,,
,,,,,,,,,,,,,,,
,,,,,,,,,,,,,,,
,,,,,,,,,,,,,,,
,,,,,,,,,,,,,,,
,,,,,,,,,,,,,,,
,,,,,,,,,,,,,,,
,,,,,,,,,,,,,,,
,,,,,,,,,,,,,,,
,,,,,,,,,,,,,,,
,,,,,,,,,,,,,,,
,,,,,,,,,,,,,,,
,,,,,,,,,,,,,,,
,,,,,,,,,,,,,,,
,,,,,,,,,,,,,,,
,,,,,,,,,,,,,,,
,,,,,,,,,,,,,,,
,,,,,,,,,,,,,,,
,,,,,,,,,,,,,,,
,,,,,,,,,,,,,,,
,,,,,,,,,,,,,,,
,,,,,,,,,,,,,,,
,,,,,,,,,,,,,,,
,,,,,,,,,,,,,,,
,,,,,,,,,,,,,,,
,,,,,,,,,,,,,,,
,,,,,,,,,,,,,,,
,,,,,,,,,,,,,,,
,,,,,,,,,,,,,,,
,,,,,,,,,,,,,,,
,,,,,,,,,,,,,,,
,,,,,,,,,,,,,,,
,,,,,,,,,,,,,,,
,,,,,,,,,,,,,,,
,,,,,,,,,,,,,,,
,,,,,,,,,,,,,,,
,,,,,,,,,,,,,,,
,,,,,,,,,,,,,,,
,,,,,,,,,,,,,,,
,,,,,,,,,,,,,,,
,,,,,,,,,,,,,,,
,,,,,,,,,,,,,,,
,,,,,,,,,,,,,,,
,,,,,,,,,,,,,,,
,,,,,,,,,,,,,,,
,,,,,,,,,,,,,,,
,,,,,,,,,,,,,,,
,,,,,,,,,,,,,,,
,,,,,,,,,,,,,,,
,,,,,,,,,,,,,,,
,,,,,,,,,,,,,,,
,,,,,,,,,,,,,,,
,,,,,,,,,,,,,,,
,,,,,,,,,,,,,,,
,,,,,,,,,,,,,,,
,,,,,,,,,,,,,,,
,,,,,,,,,,,,,,,
,,,,,,,,,,,,,,,
,,,,,,,,,,,,,,,
,,,,,,,,,,,,,,,
,,,,,,,,,,,,,,,
,,,,,,,,,,,,,,,
,,,,,,,,,,,,,,,
,,,,,,,,,,,,,,,
,,,,,,,,,,,,,,,
,,,,,,,,,,,,,,,
,,,,,,,,,,,,,,,
,,,,,,,,,,,,,,,
,,,,,,,,,,,,,,,
,,,,,,,,,,,,,,,
,,,,,,,,,,,,,,,
,,,,,,,,,,,,,,,
,,,,,,,,,,,,,,,
,,,,,,,,,,,,,,,
,,,,,,,,,,,,,,,
,,,,,,,,,,,,,,,
,,,,,,,,,,,,,,,
,,,,,,,,,,,,,,,
,,,,,,,,,,,,,,,
,,,,,,,,,,,,,,,
,,,,,,,,,,,,,,,
,,,,,,,,,,,,,,,
,,,,,,,,,,,,,,,
,,,,,,,,,,,,,,,
,,,,,,,,,,,,,,,
,,,,,,,,,,,,,,,
,,,,,,,,,,,,,,,
,,,,,,,,,,,,,,,
,,,,,,,,,,,,,,,
,,,,,,,,,,,,,,,
,,,,,,,,,,,,,,,
,,,,,,,,,,,,,,,
,,,,,,,,,,,,,,,
,,,,,,,,,,,,,,,
,,,,,,,,,,,,,,,
,,,,,,,,,,,,,,,
,,,,,,,,,,,,,,,
,,,,,,,,,,,,,,,
,,,,,,,,,,,,,,,
,,,,,,,,,,,,,,,
,,,,,,,,,,,,,,,
,,,,,,,,,,,,,,,
,,,,,,,,,,,,,,,
,,,,,,,,,,,,,,,
,,,,,,,,,,,,,,,
,,,,,,,,,,,,,,,
,,,,,,,,,,,,,,,
,,,,,,,,,,,,,,,
,,,,,,,,,,,,,,,
,,,,,,,,,,,,,,,
,,,,,,,,,,,,,,,
,,,,,,,,,,,,,,,
,,,,,,,,,,,,,,,
,,,,,,,,,,,,,,,
,,,,,,,,,,,,,,,
,,,,,,,,,,,,,,,
,,,,,,,,,,,,,,,
,,,,,,,,,,,,,,,
,,,,,,,,,,,,,,,
,,,,,,,,,,,,,,,
,,,,,,,,,,,,,,,
,,,,,,,,,,,,,,,
,,,,,,,,,,,,,,,
,,,,,,,,,,,,,,,
,,,,,,,,,,,,,,,
,,,,,,,,,,,,,,,
,,,,,,,,,,,,,,,
,,,,,,,,,,,,,,,
,,,,,,,,,,,,,,,
,,,,,,,,,,,,,,,
,,,,,,,,,,,,,,,
,,,,,,,,,,,,,,,
,,,,,,,,,,,,,,,
,,,,,,,,,,,,,,,
,,,,,,,,,,,,,,,
,,,,,,,,,,,,,,,
,,,,,,,,,,,,,,,
,,,,,,,,,,,,,,,
,,,,,,,,,,,,,,,
,,,,,,,,,,,,,,,
,,,,,,,,,,,,,,,
,,,,,,,,,,,,,,,
,,,,,,,,,,,,,,,
,,,,,,,,,,,,,,,
,,,,,,,,,,,,,,,
,,,,,,,,,,,,,,,
,,,,,,,,,,,,,,,
,,,,,,,,,,,,,,,
,,,,,,,,,,,,,,,
,,,,,,,,,,,,,,,
,,,,,,,,,,,,,,,
,,,,,,,,,,,,,,,
,,,,,,,,,,,,,,,
,,,,,,,,,,,,,,,
,,,,,,,,,,,,,,,
,,,,,,,,,,,,,,,
,,,,,,,,,,,,,,,
,,,,,,,,,,,,,,,
,,,,,,,,,,,,,,,
,,,,,,,,,,,,,,,
,,,,,,,,,,,,,,,
,,,,,,,,,,,,,,,
,,,,,,,,,,,,,,,
,,,,,,,,,,,,,,,
,,,,,,,,,,,,,,,
,,,,,,,,,,,,,,,
,,,,,,,,,,,,,,,
,,,,,,,,,,,,,,,
,,,,,,,,,,,,,,,
,,,,,,,,,,,,,,,
,,,,,,,,,,,,,,,
,,,,,,,,,,,,,,,
,,,,,,,,,,,,,,,
,,,,,,,,,,,,,,,
,,,,,,,,,,,,,,,
,,,,,,,,,,,,,,,
,,,,,,,,,,,,,,,
,,,,,,,,,,,,,,,
,,,,,,,,,,,,,,,
,,,,,,,,,,,,,,,
,,,,,,,,,,,,,,,
,,,,,,,,,,,,,,,
,,,,,,,,,,,,,,,
,,,,,,,,,,,,,,,
,,,,,,,,,,,,,,,
,,,,,,,,,,,,,,,
,,,,,,,,,,,,,,,
,,,,,,,,,,,,,,,
,,,,,,,,,,,,,,,
,,,,,,,,,,,,,,,
,,,,,,,,,,,,,,,
,,,,,,,,,,,,,,,
,,,,,,,,,,,,,,,
,,,,,,,,,,,,,,,